"date","username","tweet"
"2015-02-03","body_philosophy","nuestras instalaciones en la ciudad de medellã­n carrera a sur local centro comercial rio http s1cvqso3i0"
"2015-02-03","fcomanueljose","concierto de manueljosecanta en kandãº medellã­n gracias a david andres gartner g por compartir el video http zekonf8iel"
"2015-02-03","galodigital","em teve atuaã ã o memorã vel diante do galo e marcou gol da vitã ria medellã­n lxboytvhvk"
"2015-02-03","jagamez27","el gol a millos en medellã n ganamos un partido muy dramã tico ãšltimo minuto y se saca la camiseta graciassherman â º"
"2015-02-03","jamesnach","bluradioco en medellã­n la ciudad mã s innovadora el trã fico es terrible fuera de eso estã n colocando semã foros cada esquina"
"2015-02-03","juanjo_vb","lapolo_87 â ajã ya tengo esa de medellã­n"
"2015-02-03","lado_mx","pri alarga y manipula peticiã n de desafuero en contra del alcalde medellã­n http qab2enpy0u"
"2015-02-03","lamudico","â quieres mudarte a laureles medellã­n encuentra una casa en arriendo este barrio http 8zhltx9lwj"
"2015-02-03","miguelopezv","medellã­n me recibe tal y como lo merezco ðÿ žðÿ ÿ centro comercial santa fe http x3f1h1a5zl"
"2015-02-03","pilar_bh","camilo vargas jugarã con nacionaloficial asegura su agente el portero ya estã en medellã­nâžœ http 6ejlcokesc uiwpe107jp"
"2015-02-03","sabinocaro","gracias medellã n teletoncolombia miratecolombia isakmosquera sergioleon82 carmendecartoyâ http bq4hxgqwri"
"2015-02-03","vankraken22","vonjorgensen10 en efecto medellã­n llegã a ser la ciudad con mayor ã­ndice de criminalidad y eso provocã una inmerecida mala fama"
"2015-02-03","veeduriamedell","minuto30com la polã tica pãšblica de planeaciã n local y pp en medellã no estã poder los grupos http lqfxcodxtw ondasdlamontana la polã tica pãšblica de planeaciã n local y pp en medellã no estã poder los grupos http lqfxcodxtw bluradioco la polã tica pãšblica de planeaciã n local y pp en medellã no estã poder los grupos http lqfxcodxtw alvarocordobao la polã tica pãšblica de planeaciã n local y pp en medellã no estã poder los grupos http lqfxcodxtw elnororiental la polã tica pãšblica de planeaciã n local y pp en medellã no estã poder los grupos http lqfxcodxtw conocetu11 la polã tica pãšblica de planeaciã n local y pp en medellã no estã poder los grupos http lqfxcodxtw"
"2015-02-03","vidisesi","para tus eventos the weekend group live la invite a bailar medellã n http sdy8phnwm4"
"2015-02-03","vivelabmedellin","producen serie animada de talla mundial en medellã­n criaturassos http 1931wvwcko vã­a eltiempo hwftykbytx"
"2015-02-06","abelgomo","nachosanchezo intransitable medellã­n es un solo taco no faltan vã­as sobran carros"
"2015-02-06","ad0lfomunos","universidades del reino unido buscarã n alumnos en medellã­n el es ahora la mejor opciã para estud http szwt2okjae"
"2015-02-06","alfredcasteel","destruyen instalaciones de fundaciã n para niã os con discapacidad en medellã­n http unnek4nqim vã­a elespectador"
"2015-02-06","astridbuendy","universidades del reino unido buscarã n alumnos en medellã­n el es ahora la mejor opciã para estud http tu9gcw1lr5"
"2015-02-06","brauli0marquez","universidades del reino unido buscarã n alumnos en medellã­n el es ahora la mejor opciã para estud http adn3vt1lx9"
"2015-02-06","claudialopez","despuã s de esperar horas por clima nos bajan del aviã n problemas tã cnicos quã desastre no lleguã a mi reuniã hoy en medellin"
"2015-02-06","clointimo","i liked a youtube video http fsunlzymu7 bmx the streets of medellin colombia"
"2015-02-06","danielbermont","gentepelota felicidades por el programa saludos desde medellin http gwvxz5i0cp"
"2015-02-06","danyhidalgos","universidades del reino unido buscarã n alumnos en medellã­n el es ahora la mejor opciã para estud http wwy8gzqxzq"
"2015-02-06","dim_pueblo","2da fecha medellã­n vs nacional sã bado de febrero a partir las 00pm el atanasio completamenteâ http u5mudwbyke"
"2015-02-06","diosemaos","fpcwin de acuerdo con lo q dice don wueimar desde medellin esa inversion nal cualquiera gana eso quiere decir osorio es normalito"
"2015-02-06","eduronco8","boca venciã a nacional de medellã­n en el once caldas san pablo y arsenal"
"2015-02-06","elviejocoronas","todo el mundo oyendo maã‘ana programa de djsemaforo en rumba1069 medellin lo nuevo coronaspr via ipauta guelo0316 activarnos"
"2015-02-06","epistolitas","hijo de moisã s sã nchez pide renuncia al alcalde medellã­n http akvysjhb97 verfollow"
"2015-02-06","esmeraldam0ra","universidades del reino unido buscarã n alumnos en medellã­n el es ahora la mejor opciã para estud http 6uouhemgsr"
"2015-02-06","felixlabrad0r","universidades del reino unido buscarã n alumnos en medellã­n el es ahora la mejor opciã para estud http wges5irnvd"
"2015-02-06","flycolombiacity","panoramic flights in medellã­n colombia http lvn6yzagaw"
"2015-02-06","guille_uribe03","manuchao â manu cuando es la fecha para ciudad de medellin"
"2015-02-06","irmayizeth","medellin me llama b"
"2015-02-06","jaimecuartas","conoce mi informe de gestiã n como presidente del concejo medellã­n http olmzqzzuqj cuento contigo para seguir avanzando"
"2015-02-06","jaoreror","alfonsoxiiesp para ciudad real pararon en medellã­n aunque fue de improviso y solo hubo aclamaciones nada banderas colgaduras gt"
"2015-02-06","jennifer4430","divorcios abogados de en medellã­n colombia http apdtsiwslv"
"2015-02-06","jennipalmaperez","tan mal esta bogotã que la ropa de medellã­n es mejor propia capital"
"2015-02-06","jhksfnyfs","olho de japoneizin whisky vodka gin isso ã cartel medellin"
"2015-02-06","karinurbina_t","universidades del reino unido buscarã n alumnos en medellã­n el es ahora la mejor opciã para estud http fyk01vxuvs"
"2015-02-06","labranzainfo","escuche ya mismo la transmisiã n de corrida toros desde medellã­n hoy viernes febrero con http f31u6np3h4"
"2015-02-06","ldavila27","alexmarquez77 epa mi pana todo bien de mã rida no se mucho estoy en medellã­n colombia como estas"
"2015-02-06","ligdideviaje","medellin la ciudad de eterna primavera por donde se camine puede observar porque le llaman asã­â http elvlfui5yx"
"2015-02-06","luiskakavargas","i'm at parque de boston in medellã­n antioquia hcyseesg1c"
"2015-02-06","manuelagh28","elchicodelafro ven a medellã n ðÿ ž"
"2015-02-06","nandoarley","universidades del reino unido buscarã n alumnos en medellã­n http sckgqvagwt"
"2015-02-06","newsstand_","universidades del reino unido buscarã n alumnos en medellã­n el es ahora la mejor opciã para http mdawpgmtrb news"
"2015-02-06","notcolombia","noticias colombia animales en vã­a de extinciã n nacen el zoolã gico medellã­n http qy44bpsivx"
"2015-02-06","oceangrxy","trasde que todo esta mal aca empezara el tour y yo no ire me tirare al rio medellin queda lado de mi casa"
"2015-02-06","palmettodigit1","universidades del reino unido buscarã n alumnos en medellã­n el es ahora la mejor opciã para estud http 7ybi8pzqor"
"2015-02-06","paola_rpo","quã bonito el mural debajo del puente glorieta de la terminal norte medellin"
"2015-02-06","revistaera","acã falo ayuntamiento de medellã­n pero el alcalde no pide licencia por fuero http 9kjo5qazl2"
"2015-02-06","xtianobando","alcaldã­a de medellã­n todos por la vida http sppvzho4qh"
"2015-02-06","yovineporquesi","mil millones invirtiã medellã­n en la promociã n del turismo http dre3ed7xhf elcolombiano adnmedellin rcn990medellin"
"2015-02-06","yuliana_mendoz","universidades del reino unido buscarã n alumnos en medellã­n el es ahora la mejor opciã para estud http mqvq94cany"
"2015-02-09","_wokalounge","el prã ximo de feb en magic night medellã­n un lugar perfecto para recordar grandes amigos compra tus boletas http twx3qp4mzj"
"2015-02-09","aquisuenamed","una invitaciã n de un mãºsico aquã­ suena medellã­n nosotros vamos â y vos http a9nkbjcnrh"
"2015-02-09","bizzlekkaebsong","dibidibadibibu en medellin tambien hay pero no me hablo con casi ninguno solo tengo como amigas exo l o dibidibadibibu ahh soy de medellin ihgfd casi todas las exo l que conosco son bogota o barranquilla lloro"
"2015-02-09","carlosborda4","quiero ir a medallo"
"2015-02-09","dacabe2","llega el extracto y la cuenta de uber_medellin es en dolares podrã­a uno cambiar esa modalidad ðÿ’ƒ"
"2015-02-09","eddykarmona","medellã­n design week por primera vez nuestra ciudad se une en torno al diseã o mayo y la mãºsica serã http xo77itdbdl"
"2015-02-09","isopao19","la ciudad de montaã a medellin http us9wx30taq parque botero medellin http lg5hdj2ubv"
"2015-02-09","juancamilome","como hace tres aã os alicate in medellã­n antioquia w laurivargas 5pcs1lccme"
"2015-02-09","kariithort","combate_atv son un sãºper programa yo desde medellã­n opino lo mejor de peru combatelomejor"
"2015-02-09","manuelagh28","danicrdenas1012 jajajajaa seria muy bueno encontrarnos las pdc de medellã n no quien es pdc de medellã n"
"2015-02-09","monicaposadac","aztecarosas1 pues bienvenido seas como dice el slogan ãšnico riesgo es que te quieras quedar y visita medellã­n hermosaaa ðÿ"
"2015-02-09","og_medellin","everybody spittin knowledge right now lol check out the original version of children corn mwm cotc classic midwestmusic 9j6qgdbjry"
"2015-02-09","wilsonpintox","facfedmar crea tu startup en medellã­n y bogotã con talleres eventos que no puedes dejar pasar http jdxgxt0ucj socialmedi"
"2015-02-09","xalapeando_ando","comparece amparado en el juzgado comandante de la policã­a medellã­n bravo http qcdpbsnv0b vã­a alcalorpolitico"
"2015-02-09","yampibaby","flow medellin desde bayamã n puerto rico ðÿ â ï los amo parceros y parceritas http nkcdprxe0y"
"2015-02-09","zamyjo39","hola ricky â te gustarã­a ir a medellã­n colombia en este tour eres hermoso bendiciones exafm live on http d04gzh6pug"
"2015-02-12","aderodriguez12","â alcalde de medellã­n hasta cuando http 13czsubwec veracruz"
"2015-02-12","cablenoticias","alcantarillas y desagã es sin tapa son trampas mortales en medellã­n http 5eppwkhdqg"
"2015-02-12","clarosportsco","correcciã n cali y envigado nuevos lã­deres de la liga colombiana que esta noche cerrarã con los partidos tuluã junior tolima medellã­n"
"2015-02-12","cortegrueso","restaurantes para comer buena carne en medellã­n http jlntlkkyfa"
"2015-02-12","danielduquev","apostarle a una polã­tica agroindustrial en medellã­n que promueva la competitividad de nuestros campesinos serã­a revolucionario muchos habitantes de medellã­n son campesinos viven en la rural necesitamos una polã­tica pãºblica para ellos han sido excluidos"
"2015-02-12","enjoiappp","how about that sitting in a bar on the streets of medellin â http olqrnmwpcm mlle_gourmande how about that sitting in a bar on the streets of medellin lifeisgood enjoylife medelâ http 3s08ha6dwm"
"2015-02-12","fcdonnymedallo","gracias a mi amiga lauriss_pb por ese regalo tkm medellin colombia http vgpcohi1z2 el preferido de las suegras mi caballero donnycaballero jajaja medellin colombia http z0werp6rdj"
"2015-02-12","hernanuribe78","jjbarreras diegoxccg2 infodim quien marin usted no sabe nada de futbol ese es el hueco medellin"
"2015-02-12","jorgeleonruizr","sr alcalde anibalgaviria usted se comprometiã en su campaã a recuperar la seguridad para los ciudadanos de medellã­n y no ha cumplido"
"2015-02-12","karen_xiomara10","paulisbello medellin y tu"
"2015-02-12","lawrencerose14","medellin colombia kilimangiaro del http tpbo8kdxdc great vid in italian but so what"
"2015-02-12","nandoarley","tolima vs independiente medellã­n minuto a http 0tnyldabls"
"2015-02-12","oncecaldaslavi1","no rules clan y aerophon crew en medellã­n http ntq21vn13d n.r.c ðÿžµðÿž"
"2015-02-12","ovidiopulgarin","tigo_colombia felicitaciones a tigo por todo lo que hace medellã­n y antioquia les deseã mucha suerte"
"2015-02-12","perfildehugo","mã xico â œel medellã­n de moisã sâ lanzan ediciã n especial la uniã en memoria al periodist http eocoikkobk vã­a article19mex"
"2015-02-12","sportuxurban","local medellã­n boulevar l130 edificio bancoquã­a l103 bello cc metrobello l202 http iwnc5gc3k4"
"2015-02-12","yamileon81","cerofiltros piedra el peã ã n medellã­n antioquia http orji1ktlak"
"2015-02-15","adrianalvarezbe","winsportstv jaguaresdecordo dim_oficial le vamos a ganar medellã n jaguaressssss felinooooooo"
"2015-02-15","alcaldiademed","en medellã­n todosporlavida hablamos sobre el trabajo que realizamos con los habitantes de calle inclusionmed al aire telemedellin"
"2015-02-15","andersonhenao13","medellin city lt http xicqtb7zc9"
"2015-02-15","angielonarc","quiero ir a medellã­n sin pantalones ðÿ"
"2015-02-15","colombiacorre","asã­ lucia medellin esta maã ana desde la vã­a a las palmas uno de los sitios entrenamiento atletas http topcp9abuq"
"2015-02-15","elpitu1983","preguntele a el seã or mejia ps demas que millonarios lo soluciona en un partido medellin jaguares jaja laligaxwin"
"2015-02-15","inmueblescolomb","inmuebles alquiler de apartamento amoblados en medellã­n cã d moda propiedad una alcoba http k92jj9yjvr colombia"
"2015-02-15","jamesdelaluna","good bye medellã nâœœï let's go bogotã gt no hay nada que supere tus amados padres y amadas tã as teâ http urlmdc1tvm"
"2015-02-15","juandegarciaj","si se puede jaguares mts para unos pts valiosos en medellin rugeeljaguar"
"2015-02-15","loaiza_art","espejito selfportrait autorretrato barrio el salvador medellin http tqbpptflq9"
"2015-02-15","nandezvisual","photo vscocam mountain medellin bw http 8mideactuv vscocam mountain medellin bw http n9m6xgg7m4 photo trekking mountain vscocam en la meseta medellin http cuzhqdes5o trekking mountain vscocam la meseta medellin http m5ftmesuj3"
"2015-02-15","paisitajazf","dim_oficial un equipo de la b nos pinta cara quema tiempo y tiene desesperados medellin jaguares"
"2015-02-15","psociop","psociop una gran persona y ser humano que el servicio a los demã s lo hacen merecedor de curul en concejo medellã­n santimaradona"
"2015-02-15","purovic","winsportstv jaguaresdecordo dim_oficial no creo mi medallo esta encima vamos ni ya casi llega el empate"
"2015-02-15","santivas18","mojitolite en medellin radiotiempo1059 miradiotiempopopfestival mi amor ancatome http 06savewa8v"
"2015-02-15","sergioagudelo18","jaguares ganando en medellin y al equipo del pueblo hernan torres que es eso respeta ome"
"2015-02-15","untalcaballo","ojo el jaguares equipo de la b le esta ganando al dim en medellã­n ðÿ jajajajajaja"
"2015-02-18","adan_tao","veracruz logran terrenos para vivienda familias de medellã­n bravo â http of9jeap7nn"
"2015-02-18","andayala436","eldlacuadra noticiaslgbt soy de medellin leã­ tu articulo"
"2015-02-18","bkt_bicipublica","consulten el programa del worldbikeforum http b7tu8psqam formo mundial de la bicicleta medellã­n"
"2015-02-18","cesarespinosa6","reto con jdelpollo eldesafioconelpollo expofitness2015 medellin salud deporte abs ðÿ‘šðÿ‘šðÿ‘šâ http i894i7u748"
"2015-02-18","colombiaflash","claudia restrepo montoya es la nueva gerente del metro de medellã­n http a4rqdwlvid"
"2015-02-18","ctobonr","restaurantes fuera de serie en medellã­n http akhr7ftepp geishart63 carlostoboncr vamos a todos"
"2015-02-18","dcastaa","rafaelpardo ninguna en medellã­n el sentido de pertenencia es muy grande y casi nadie los conoce a profundidad"
"2015-02-18","dzapata12345","por cual link podemos escuchar el partido medellin leones muchas gracias"
"2015-02-18","elentechador","golescolombianos hablen de los otros equipos no solo nacional millonarios medellin y santa fe"
"2015-02-18","eloomedellin","dmworldchile eloisa_medellin a mi me entregaran el libro gracias ti viernes ðÿ ˆðÿ ˆ asã­ que muchas de nada"
"2015-02-18","inno_ill","black and gold inno dope pt medellin dropping this weekend also working on a new tape stayâ http t3s28idhmo"
"2015-02-18","janierhenao","sadesevili saludo grande desde medellã­n colombia"
"2015-02-18","juancamiloarbol","apuesto que independiente medellã­n vencerã leones fc 365scores cuã l es tu apuesta http mquxgafgbj"
"2015-02-18","luisedopena","ambitojuridico condenan al estado por daã os a comerciantes durante ataque convivir en medellã­n http nl8djs8jhh"
"2015-02-18","mindlessvortex","desde el consultorio hamsa work massage medellã­n http kpw4lzcyw9"
"2015-02-18","missmelindres","habrã que preguntarle a esos mã dicos de medellã­n hablan humanizar el servicio con quã humanidad es deciden un paseo la muerte"
"2015-02-18","murieljimenez","amigoafricano pero eso ya lo decidiã la corte en fallo de madres medellã­n ã ste es sobre adopciã nigualitaria su sentido amplio"
"2015-02-18","principitomus_","yacasirumbo a medellin http x3yztydhm1"
"2015-02-18","wichilon","sãºper inteligencia vial en medellin con tanto motociclista sin experiencia"
"2015-02-18","yeisonmh","conducir a medellã­n compartir informaciã n de la carretera en tiempo real con wazers mi zona eta pm usando waze conducciã so"
"2015-02-21","072avialcdmx","medellã­n ocasiona reducciã ndecarril desde calle puebla hasta valladolid alternativas ambos circular por av insurgentes"
"2015-02-21","air_panama","santa fã de antioquia es una soã olienta ciudad colonial haga excursiã n un dã­a desde medellã­n http 42reirktpa"
"2015-02-21","andreabenitezb3","amistad y de la mejor ðÿ felizcumpleaã os toto ðÿž medellin ciudad eterna primavera http yz4qpbkwxr"
"2015-02-21","banqueteslagune","comiendo tamalito en medellã­n http duqome6ppn"
"2015-02-21","coltrance","welcome to colombia mr unicorn slayer markusschulz rock this night as newworldpunx in medellã­n http qf97ny5ayy"
"2015-02-21","eloomedellin","warriorsofdulce eloisa_medellin dulcemaria aaaay nooo estoy bromeando"
"2015-02-21","gleet_tweet","have just been tentatively invited to conference in medellã­n columbia wow"
"2015-02-21","hernan1913","espero que en el medellin estã n viendo partido de millonarios y vean lo es ser efectivos como liquidar un"
"2015-02-21","jorgecaraballo","techos en medellã­n al mediodã­a http q5slbuuhvc"
"2015-02-21","julianhdz02","ese candidato a la alcaldã­a de medellin no tiene argumentos para apoyar el acuerdo y solo sabe decir que rivaliza un poco cobarde"
"2015-02-21","manuelagh28","villalobossebas mi perro y yo te queremos en medellã­n http xolqlpnkc1"
"2015-02-21","marpulgarin","la democracia se construye con el debate y no agresiã n medellã­n necesita que juntospormed soã emos construyamos apoyemos"
"2015-02-21","marthn8a","el_cojeputos jajja mmm siempre te sigo aunque en vine ya no lo volvã­ a ver y se que algãºn dã­a vendrã s medellã­n"
"2015-02-21","memomurrayleon","jusanhe84 espere que les toque con el leã n nacional cali medellã­n hasta ahora solo le han ganado a equipitos de la b"
"2015-02-21","milesilvaal","medellin una ciudad que despierta el amor en quienes la conocen http to4d8h8kea"
"2015-02-21","pipebuenobogota","repost larevistavea ãƒ pipebueno grabã en medellã­n el videoclip de su mã s reciente sencilloâ http 0foqmt6deq"
"2015-02-21","revelopintor","lilirendonr diana_pala me encanta medellã­n hago votos porque quede en buenas manos que los medellinenses no la defrauden ã xitos"
"2015-02-21","tdtcolombiatv","pipejaramisho hasta diciembre de este aã o coexiste el dvbt en medellã­n y bogotã solamente desde esa fecha solo serã dvbt2 si"
"2015-02-21","teresabeegazo","eloisa_medellin dulcemaria jajajjajajaja"
"2015-02-21","thesocializador","sinregionalismos y si en lugar de medellã­n bogotã cali barranquilla las placas se emitieran colombia juzgariamos menos tolerariamos mã s"
"2015-02-24","abogadohurtado","un precandidato a alcalde de medellã n no puede ser hombre sin historia y ademã s desmemoriado colombia"
"2015-02-24","aerolineasatena","medellã­n apartadã vuela con comodidad y espectacular precio http qofjjcchaf satena es colombia rdvv6v09oe precios bajos viaja quibdo desde y hacia bogota medellin.las promociones no esperan.compra ya aerolineasatena http sbjgznuhsr"
"2015-02-24","alcaldiademed","hoy medellã­n es reconocida en el mundo por la innovaciã n y desarrollo econã mico medellã­nesnoticia cnnee http c5qcnq3omz"
"2015-02-24","amazonykmuinaky","esto es lo nuevo de hh crazy music este grupo va pa la cima en medellin http hnmfbbi5ey"
"2015-02-24","atom779","danny_r2 worldbikeforum pues estan bienvenidos a medellin"
"2015-02-24","bernardoaguerra","concejales d medellã­n ponen a disposiciã n del paraestado billones activos patrimonio entidades y 67mil empleados"
"2015-02-24","cedechoco","medellã­n recibirã el iv foro mundial de la bicicleta desde este jueves se convertirã en epicentr http x0f2uwduea"
"2015-02-24","claucruzg","afirma duarte que maestra secuestrada en medellã­n de bravo veracruz estã viva http s2fambb1xl"
"2015-02-24","comite_c","medellã­n recibirã el iv foro mundial de la bicicleta http 6vyzvioozl"
"2015-02-24","crismurillov","anibalgaviria se replico el sistema santos merme para todos medellin la caja menor de unos pocos que mal por esta tierra"
"2015-02-24","empresarialudes","empresarialudes el consultorio empresarial udes cucuta invita a la visita en ciudad de medellã n http zuptjensxa"
"2015-02-24","enconfianzaplus","medellã­n recibirã el iv foro mundial de la bicicleta http ru0wxxgpwg siguemeytesigo siguemeytesigo medellã­n recibirã el iv foro mundial de la bicicleta http fmromjpdqz noticias"
"2015-02-24","faarevalo","medellã­n recibirã el iv foro mundial de la bicicleta http mzljhacqa4 vã­a elespectador"
"2015-02-24","firmesconjavier","presentes en el foro de upb medellin necesita dirigentes honorables principios y valores http rhxf8thzau"
"2015-02-24","fredysgamez","medellã­n recibirã el iv foro mundial de la bicicleta desde este jueves se convertirã en epicentr http 85sz5tl07v"
"2015-02-24","ggomezca","anibalgaviria es decir medellã­n y todas las administraciones anteriores no existieron o todo lo hicieron mal anibalgaviria otro que cree la historia de medellã­n inicia con ã l todo mal gobernante tiene ego su pedestal y sus aduladores"
"2015-02-24","ifernandez","en unos dã­as medellã­n empieza el world bicycle forum http ptjb18schd fmb4 worldbikeforum â nuestro apoyo desde argentina"
"2015-02-24","imlilmissplaced","mandarinadas uno no vive sin medellã­n se desvive por mandarinadas mirã este video tan bonito que hizo la tele italiana sobre medellã­n http bivthu7lie"
"2015-02-24","isaiasmp4","medellã­n recibirã el iv foro mundial de la bicicleta desde este jueves se convertirã en epicentr http hz0lujsvox"
"2015-02-24","johannarami","bomberos de medellã­n y bello atienden incendio que afecta a unas viviendas rcn la radio http dmebqud5et vã­a rcnlaradio"
"2015-02-24","julianitra","â quã paso en medellã­n"
"2015-02-24","lamielmx","maã ana comienza el wordbikeforum en medellin khmy3exrkm"
"2015-02-24","negociosytecno","medellã­n recibirã el iv foro mundial de la bicicleta desde este jueves se convertirã en epicentr http xd1jfashro"
"2015-02-24","notimundo2019","medellã­n recibirã el iv foro mundial de la bicicleta desde este jueves se convertirã en epicentr http e2zbfscyg3"
"2015-02-24","paolasenadora","precandidatos cedemocratico a la alcaldã­a de medellã­n y gobernaciã n antioquia en el foro comuna11 http ntdckd2ai6"
"2015-02-24","pymesdelfuturo","medellã­n recibirã el iv foro mundial de la bicicleta desde este jueves se convertirã en epicentr http d0sd8br3mb"
"2015-02-24","ramirociencia","medellin de anibalgaviria la mã s antidemocrã tica"
"2015-02-24","richie_du","medellã­n recibirã el iv foro mundial de la bicicleta"
"2015-02-24","sergioagudelo6","dim_oficial acordantioquia buena medallo presidente felicitaciones lastima por ese tecnico muy grosero buena medallo mejor club y presidente todavã­a hay maricas que dicen is nos tienen envidia jajajaja bobos hijueputas"
"2015-02-24","ssilvacarmona","momento de networking medellin building seguridad_si proantioquia1 o9koxqt6pq"
"2015-02-24","toroyepes","claragiraldo el sabado van estar con medellin vs pasto si no por q"
"2015-02-24","tuvalledupar","medellã­n recibirã el iv foro mundial de la bicicleta http ndufhpuagm"
"2015-02-24","victor_240212","concejo de medellã­n aprobã el polã mico proyecto acuerdo via elcolombiano mã vil http etu8ypq3my"
"2015-02-24","willi4mc4stro","medellã­n recibirã el iv foro mundial de la bicicleta desde este jueves se convertirã en epicentr http zriu43oe2l"
"2015-02-24","wilsoncordobam","cedemocratico a esta hora en medellã­n la comunidad pregunta los precandidatos responden http pxegxidbli"
"2015-02-27","__carolinag16","si me voy para medellin solo espero que haya aya una banda sea familia como en la inicie mis procesos ðÿ"
"2015-02-27","123porelpueblo","noticiascaracol y por que no investigan el cartel privatizador en medellin deberã­an crear la secretaria de indignaciã n en medellin para sanar el corazã las decisiones contra todos pero a favor unos"
"2015-02-27","25luisa_pineda","o dime una culona que valla la fiesta es en medallo un evento de techno â pues yo q putas voy a saber http qtwei3f0m0"
"2015-02-27","abogadohurtado","marcejoya y sin explicaciã n cientã­fica medellã"
"2015-02-27","alcaldiademed","jã venes afro de medellã­n podrã n beneficiarse becas para estudiar gratis medellã­nesnoticia en minuto30com http csltgbje7i iniciã el cuarto foro mundial de la bicicleta en medellã­n medellã­nesnoticia teleantioquia http 8vj1yrvedi"
"2015-02-27","alexdiazardila","futboltotaldirectvselfie desde medellin colombia debate interesante genial chicos http gbtm9awozb"
"2015-02-27","alyssa_medellin","make up your mindðÿ"
"2015-02-27","andresborraeza","mi querida ciudad medellin con todas sus dificultades sigue siendo inspiradora para otras ciudades http vbblzgssxg"
"2015-02-27","andreshd1982","i'm at el poblado in medellã­n antioquia 89gkvlpzo8"
"2015-02-27","benjanogz","quellevar viajalatino con la nueva ruta de aeromexico_com desde medellã­n http usmx3bs5ob vitrinaturã­stica2015 buen destino"
"2015-02-27","bicicongresomx","â dias de fiesta dã­as forummundialdabicicleta bicicongreso saluda a medellã­n sede del 4âº foroâ nkykuwbrac"
"2015-02-27","camilasueldua","laredcaracol yop desde medellin ðÿ œðÿ œ"
"2015-02-27","caricatico","pasto quiere ser poderoso contra independiente medellã­n http 09itnofhwv"
"2015-02-27","casimona","en medellã­n siempre hay buenos planes por hacer este domingo yoga el maravilloso jbotanicomed yogalife yogatip"
"2015-02-27","catarsisp","patico409 amenazas eso no tiene otra explicaciã n mandan los criminales en medellã­n y es sesgo regionalista"
"2015-02-27","cheroko","pasiã n por la bicicleta en fmb4 medellã­n zt8aghqyld"
"2015-02-27","cheveto29","â excelente bicicletas plegables ya no tendrã n restricciã en el metro de medellã­n http f1ue5k6vob"
"2015-02-27","christianvinue1","medellin paseo allroudthewordl http zokojwpyds"
"2015-02-27","cicloinvisiveis","cicloviasinvisiveis medellin colombia respeiteumcarroamenos bike bicycles cycles ciclasâ 1f9bhjjn3j"
"2015-02-27","cicloviajerosec","en breve se viene la masa critica mundial bicicleta toma medellin fmb4 ricardopatinoec mashirafael http zsxdimuw7k"
"2015-02-27","danielcardonah","seã ores sttmed medellã­n es un caos vehicular por todo lado y no veo ninguno de sus guardas trã nsito colaborando a mejorar"
"2015-02-27","danielmfenty","mi vida diaria ðÿ gracias bedanza_medellin dancer dancing dancerecital music song songsâ wv21kxu1gs"
"2015-02-27","diyanblizmusic","he aã adido un vã­deo a una lista de reproducciã n youtube http qg3lx1expt diyan bliz rumba en medellin ft"
"2015-02-27","dpaulina12","una bicicleta en medellã­n cuesta entre y millones http qwzyp5zuxr"
"2015-02-27","e1d2u3a4r5","eschando rumba desde medellin"
"2015-02-27","econsulta_ver","municipios fuerza civil toma control de la seguridad en medellã­n http 6fyl0go3ew"
"2015-02-27","ecuaflow_net","repost kannon593 ãƒ buena noche mi gente seguimos gracias a dios aquã­ en laindustriainc lf medallo cfj4hldvgq"
"2015-02-27","ederaleison","pa que bogota si medellin lo tiene todo city"
"2015-02-27","eloisa_duart2","pasto quiere ser poderoso contra independiente medellã­n pese a la derrota sufrida entre semana al caer en http aymsq43oxf"
"2015-02-27","elparlante","inflitrado epa hoy se ha infiltrado a elparlante la banda hard rock de medellin blackfairyband escãºchalos aquã­ http xsx8xxu6my"
"2015-02-27","enana_maldit","mis papas comenzaron otra vez con su maricada de mandarme ha medellin por cualquier bobada"
"2015-02-27","enmicolombia","or_karen en instagram publicã yo puedo escalar los andes solo por ir a contar tus lunares medellin medellinciâ http yczrn16fvt"
"2015-02-27","epilef_es","acabo de publicar una foto ciudad medellin colombia fsuxzwyeb7"
"2015-02-27","erickhenao2","pasto quiere ser poderoso contra independiente medellã­n pese a la derrota sufrida entre semana al caer en http cseewqpu4v"
"2015-02-27","eurovelo3","le forum mondial de la bicyclette se tient en ce moment ã medellin colombie http ezwvihzjpy"
"2015-02-27","fdoquijano","â nos rasgamos las vestiduras ante el medellã­n burdel o mejor actuamos http noruz2wyzw vã­a fdoquijano â medellã­n el burdel mã s grande del mundo http krbbncnrpc vã­a fdoquijano rã­o medellã­n de impunidad la nueva morgue ciudad http kj0ju5zjex vã­a analisisurbano"
"2015-02-27","fernandaayala24","deberã­an pasar todo tiempo posible con migo tal vez el otro aã o este por haya en medellin mi mama y no me vuelvan a ver su vida"
"2015-02-27","ferneydario","el metro de medellã­n con fallas en estaciã n caribe http 6zxj3givol etmva otro tren daã ado congestiã n en caribe medellã­n http 61q55mizoc"
"2015-02-27","foolishlytaek","vxxlex me imagino porque no le piden pero si el de kpop medellã­n manda cosas fanmade pues yo he visto manillas y pendejaditas esas"
"2015-02-27","fransinaia","â quiã n se apunta a las charlas molonas en medellin sobre los pecados con el equipazo de kvmarketing_ http 6cjvjsurq1"
"2015-02-27","frecuencia_u","al aire el programa juvenil de frecuencia_u universidad medellã­n xsbvh5di0g"
"2015-02-27","gavirianatalia","el problema en medellã­n esta que los pobres vemos la riqueza desde arriba a nunca vamos acceder sicario de aã os ðÿ"
"2015-02-27","hernandomarti","sin demagogia nicolaslopezco promete que desde el concejo le darã prioridad en medellã­n a la seguridad infraestructura y movilidad ðÿ nicolaslopezco inicia su campaã a hacia el concejo de medellã­n apoyado por alvarouribevel con propuestas y promesas q se pueden cumplir ðÿ"
"2015-02-27","hora13noticias","entregan seis nuevas estaciones de encicla para el servicio los habitantes medellã­n alcaldiademed gt http zauubgiv3g entregan seis nuevas estaciones de encicla para el servicio los habitantes medellã­n plazamayormed gt http zauubgiv3g"
"2015-02-27","ihana_talvi","sunset right now seen from medellã­n colombia lt â œ sinsintidez las pm http ld0kapyjj1â"
"2015-02-27","indermedellin","en medellã­n se comparten experiencias entre residentes y visitantes de diferentes lugares del planeta el fmb4 http 7qe2owsuim"
"2015-02-27","irishecodudebrz","fmb4 is live streaming at r2dndti2ra 4th world bike forum 26f 1m medellin colombia worldbikeforum ecourbanism urbanism"
"2015-02-27","isasantanariver","maiteoficial colombia medellã­n a todo lo q daba con nuestro eclipsedeluna cantando tuyyo vasaquerervolverâ 5gno0imsuv"
"2015-02-27","ivanivanchoav","zurbanamedellin todos los dã­as escundolos desde las calles de medallo gracias z"
"2015-02-27","javierduque05","minutos de adiciã n en medellã­n futboltotalfc jamaslovivisteasidirectv futboltotaldirectv"
"2015-02-27","javierhern9","pasto quiere ser poderoso contra independiente medellã­n pese a la derrota sufrida entre semana al caer en http mxdnj1uu5v"
"2015-02-27","jdrestrepoe","muy interesante worldbikeforum en medellã­n una ciudad que se piensa bicicleta a pesar de ineficiente manejo vã­as alcaldiademed uso masivo de bicicletas en medellã­n requiere cambios semaforizaciã n hasta ahora sttmed privilegia carros a peatones â habrã"
"2015-02-27","jeisonchicua","lamorelisa desde medellin grande santafe y millonarios lamorelisa somos de medellã­n hinchas nacional pero admiramos a los gigantes santafe y millonarios bogota grande"
"2015-02-27","jesusdiazr80","el de marzo los caminos conducen a la universidad eafit en medellin escuchar este grande laâ swycji7j1m"
"2015-02-27","jorge_ache","bicicletas pãºblicas asã­ es la movida en medellã­n http d2k9qj0pma via eltiempo"
"2015-02-27","jorgedelc1961","alvarouribevel cuã ndo anunciarã n la candidatura oficial por el cd de juan carlos vã lez a alcaldã­a medellã­n oizuluaga"
"2015-02-27","jorgelaraphoto","sesiã n day after en medellã­n colombia tatiana y tyler wedding storyteller â http x82skm5q3l ewssswtmev"
"2015-02-27","juancaval","quã pasa con la seã al de losoriginales en noticierodelafm medellã­n estã suspendida"
"2015-02-27","julianchogomez","alcaldiademed esta es mi medellin que progresa y me hace tan orgulloso http kyn01gbu3b gracias colombia"
"2015-02-27","julianmadridg","por â revolucionarioâ manu chao no tocarã en upb de medellã­n http ftmy0jqqqb jajajajajajajaja"
"2015-02-27","kannon593","buena noche mi gente seguimos gracias a dios aquã­ en laindustriainc lf medallo 9m4loxqjxd"
"2015-02-27","karlafer_z3","pasto quiere ser poderoso contra independiente medellã­n pese a la derrota sufrida entre semana al caer en http qkxx6qlu5h"
"2015-02-27","lafixcrew","la fix crew lista para rodar en masa critica mundial medellin fmb4 mexico ecuador nederlandâ v57mnd40lj"
"2015-02-27","lanegrisvilla","con la loca del alma puntocadenetachisme centro comercial santafã santafemedellin in medellã­n antioquia c3o2najtzq"
"2015-02-27","leo_kalderon","soã ando para que medellã­n sea un distrito http a0lomyoyqh"
"2015-02-27","leonelpava","viajando a bogotã desde medellin x avianca el vuelo 20pm nos hacen abordar las 30pm y anuncian que hora de despegue es ahhhh"
"2015-02-27","lordrickycumbie","masacritica criticalmass medellin cletaendiablada http u2oblyus0c"
"2015-02-27","luisbduque","colombia cã mo duele que en medellin no cesa la violencia ni extorsiã n vamos elegir un alcalde con pantalones http pliqmzewy5"
"2015-02-27","maclarae","excelente publicaciã n con ilustraciones de las aves que habitan la universidad nacional colombia sede medellã­n http junqngj1lz"
"2015-02-27","madisonnavarroq","pasto quiere ser poderoso contra independiente medellã­n http lebhxzetlq"
"2015-02-27","manuelazam8","pasto quiere ser poderoso contra independiente medellã­n pese a la derrota sufrida entre semana al caer en http qa49iwqxdb"
"2015-02-27","marcomeiz","medellã­n desde la estaciã n alpujarra del metro no voy en bici pero vengo fmb4 http 6uanztkvep"
"2015-02-27","marcosbernal49","pasto quiere ser poderoso contra independiente medellã­n pese a la derrota sufrida entre semana al caer en http nh1mixcttj"
"2015-02-27","mariacarouribe","purasangre7 elcolombia a no padeces medellã­n entonces aqui te atracan porque das papaya o por demalas saben quien sos y listo purasangre7 elcolombiano lo bueno se va a continuar pero hay que meterle mano la seguridad medellã­n es una bomba de tiempo purasangre7 elcolombiano si querã s tanto a medellã­n acercate las propuestas con conocimiento de causa te digo que son ganadoras"
"2015-02-27","mariaparentesis","mafe_mindy maya_chan iqdeily y llevaste las uã as desarregladas a medellã­n quã vergã enza p"
"2015-02-27","mariguizado","no se stress en panamã aquã­ tambiã n hay tranques y todos felices andrescardonac amo medellã­n colombia http nbntiibsp4 hemos seguido conquistando medellã­n panameã as a yolanda_ayarza trabajo dedicaciã n http uxb4ipeof3"
"2015-02-27","mariosgar","celebration postgraduate leonardosugar loryjessica happiness el correo carne y vino la in medellin 5ilaixcndj"
"2015-02-27","mateoisazag","una bicicleta en medellã­n cuesta entre y millones http v7gozcz8vm"
"2015-02-27","medellin_libre","tulipanes de la sã bana bogotã 6rbc9fueqs"
"2015-02-27","medellin_r","vuelven a pasar birdman en el cine que no haya ido verla hã ganos todos un favor y vaya antes de opinar"
"2015-02-27","mejiapangela","cas_int y tampoco en latinoamerica medellin cancelaron una por falta de pãºblico"
"2015-02-27","memepolis","http fyyu8qg1ol trending topics top latino fecha colombia medellã­n ijsrpkrsdp"
"2015-02-27","minuto30com","reino unido pasaporte de negocios para medellã­n http tnqvjbdpsa vã­a minuto30com"
"2015-02-27","move_medellin","don't forget to move http 6xrlg3vga4 movemedellin"
"2015-02-27","mrojasg88","no salgan a la calle amiguitos hay por dã nde moverse en medellã­n"
"2015-02-27","nataliafrcr","buenanoticia adnmedellin bicicletas plegables no tendrã n restricciã en el metro de medellã­n http yvcbuirtvb"
"2015-02-27","nezaalopez","ojala y me remitan a medellin amã n"
"2015-02-27","nicolaslopezco","hemos trabajado muy duro nos sobra amor por medellã­n y nuestra gente estamos listos para asumir el reto http ixhiu4kycs"
"2015-02-27","noelia7lopeez9","pasto quiere ser poderoso contra independiente medellã­n pese a la derrota sufrida entre semana al caer en http lpcu1fdxio"
"2015-02-27","nubieliza","viernescoolinario calmantes montes sinaloa y medellã­n hoy margararitas 2x1ðÿ‘œðÿ ðÿ recomendadoradf laromadf http 4at8xlgvrt"
"2015-02-27","octaviolopezsie","alexlopezmaya gobierno es como si nada en absolutamente todo guajira cauca space medellin campo alegre b quilla vã­ctimas alex char"
"2015-02-27","omairafontalvo3","pasto quiere ser poderoso contra independiente medellã­n pese a la derrota sufrida entre semana al caer en http nmrpmx1tzn"
"2015-02-27","oskiar1","mindefensa en medellin la cra x cl se mantienen parquedas mas o menos16 patrullas horas dã­as a semana"
"2015-02-27","oyeperroni","foto maitepb maiteoficial colombia medellã­n a todo lo q daba con nuestro eclipsedeluna 7lwshk7hkt http y4fqkc9p5p"
"2015-02-27","pabluz108","jcvelezuribe excelente decisiã n de nuestro partido unidos en pos recuperar la cuidad medellin para las gentes bien"
"2015-02-27","pasabordistasbt","en medellin una tarde a la gabopsb con teleantioquia y lamegamedellin jhonatanpsb gabopsbâ d6svais2vs"
"2015-02-27","patymunos4","pasto quiere ser poderoso contra independiente medellã­n pese a la derrota sufrida entre semana al caer en http hfynqnfsen"
"2015-02-27","pedalentos","fã rum mundial da bicicleta em medellã­n colã mbia 4fmb forummundialdabicicleta pedalentosâ lvn1900xel"
"2015-02-27","peresalis","medellã­n colombia"
"2015-02-27","petroides","jaim3_andr3s naciã en salgar antioquia pero se criã medellã­n y su nãºmero de suerte es el"
"2015-02-27","psya_rp","aeromã xico conectarã medellã­n con la ciudad de mã http 038zrqgrzs turibreves luluturismomx sectur_mx"
"2015-02-27","rcnradio","concluyã en medellã­n la reuniã n del comitã consultivo radiocomunicaciones http dgapzlfjko"
"2015-02-27","redepazant","en el lanzamiento de vidamarzo8 medellin con antanasmockus lavidaessagrada http fm4gpt1nmt"
"2015-02-27","regionaleseh","marã­a del socorro bustamante fue trasladada a clã­nica en medellã­n http jpkhkjb1rx"
"2015-02-27","ricky102368","welcome to muscat salon and gift shop located at the heart of funtastic medellin new poblacion market http 4vgdbdy4sd"
"2015-02-27","ruta_n","medellã­n comparte sus experiencias sobre innovaciã n esta vez con visitantes de la provincia panamã http pmf3ogklzb"
"2015-02-27","santilinares04","foro mundial de la bicicleta gracias medellin fmb4 bicycle plaza mayor medellã­n yoxvqgy7cv"
"2015-02-27","sergio_fajardo","en medellã­n sembrã guayacanes amarillos san vicente fique http k6cbqmpg0i"
"2015-02-27","somosmedellin","medellã­n genteenvigado trae historia de los habitantes envigado que conquistaron el aconcagua http mldxfry9hnâ somosmedellã­n en medellã­n â œ _wokalounge http lqgaizc2duâ somosmedellã­n â œ opcion_hoy medellã­n recibe maã ana a pitbull en concierto mã s informaciã n somosmedellã­n http z86ktxhrs8 5d254tujkbâ"
"2015-02-27","sportsnv","raulbenoit quiero ir medellin"
"2015-02-27","tatiana_447bar1","pasto quiere ser poderoso contra independiente medellã­n pese a la derrota sufrida entre semana al caer en http adyairjg20"
"2015-02-27","tusmetros","colombia medellã­n se abre al mundo de la cicla http jevfiabdhd bicicleta medellin"
"2015-02-27","vagomi","esta imposible el trã nsito en san juan medellã­n"
"2015-02-27","valeayala2012","medellã­n simplemente â te adoro siempre dan ganas de volver y mã s veces ciudad hermosa"
"2015-02-27","vcb144","urnadecristal otras ciudades mi hijo quiere estudiar regencia de farmacia y no a podido con el sena medellin me colaboran urnadecristal uds sacan miles de propuestas estudios tegnologia por el sena pero aca en medellin no salen es para otras"
"2015-02-27","vesmun_medellin","nytimesbooks the latest new york times best seller list http c7czophvan vesmun2015 recommends you this vesmun more days countdown to vesmun2015 begins"
"2015-02-27","viajaxcolombia","ya en aerodorado para salir rumbo a medellin vã­a lan_co http jhjyiws1u6"
"2015-02-27","visiondiaria","rutaca y avior piensan abrir vuelos directos desde bogotã medellã­n hasta la isla de margarita http bibs3xvg1y"
"2015-02-27","wilfrancastillo","maã ana en medellin estarã con un show especial el clubelrodeo magicnight2 junto a zionylennox alkilados"
"2015-02-27","wilson19591","juzgamos la farc segãºn derechos humanos convivir clan ãšsuga y oficina grandes reclutadores de menores en medellã­n http mtksifpcqe"
"2015-02-27","ximenasolorzan","pasto quiere ser poderoso contra independiente medellã­n pese a la derrota sufrida entre semana al caer en http svnm6vn73b"
"2015-02-27","yesdaetmed24","medellin la mejor ciudad del mundo felicitaciones a todos los paisas asã­ nos traten de regionalistas"
"2015-02-27","yesicazapata123","pasto quiere ser poderoso contra independiente medellã­n pese a la derrota sufrida entre semana al caer en http glxrqqmclv"
